Id,SepalLengthCm,SepalWidthCm,PetalLengthCm,PetalWidthCm,Species
1,5.1,3.5,1.4,0.2,virginica
2,4.9,3.0,1.4,0.2,virginica
3,4.7,3.2,1.3,0.2,virginica
4,4.6,3.1,1.5,0.2,virginica
5,5.0,3.6,1.4,0.2,virginica
6,5.4,3.9,1.7,0.4,virginica
7,4.6,3.4,1.4,0.3,virginica
8,5.0,3.4,1.5,0.2,virginica
9,4.4,2.9,1.4,0.2,virginica
10,4.9,3.1,1.5,0.1,virginica
11,5.4,3.7,1.5,0.2,virginica
12,4.8,3.4,1.6,0.2,virginica
13,4.8,3.0,1.4,0.1,virginica
14,4.3,3.0,1.1,0.1,virginica
15,5.8,4.0,1.2,0.2,virginica
16,5.7,4.4,1.5,0.4,virginica
17,5.4,3.9,1.3,0.4,virginica
18,5.1,3.5,1.4,0.3,virginica
19,5.7,3.8,1.7,0.3,virginica
20,5.1,3.8,1.5,0.3,virginica
21,5.4,3.4,1.7,0.2,virginica
22,5.1,3.7,1.5,0.4,virginica
23,4.6,3.6,1.0,0.2,virginica
24,5.1,3.3,1.7,0.5,virginica
25,4.8,3.4,1.9,0.2,virginica
26,5.0,3.0,1.6,0.2,virginica
27,5.0,3.4,1.6,0.4,virginica
28,5.2,3.5,1.5,0.2,virginica
29,5.2,3.4,1.4,0.2,virginica
30,4.7,3.2,1.6,0.2,virginica
31,4.8,3.1,1.6,0.2,virginica
32,5.4,3.4,1.5,0.4,virginica
33,5.2,4.1,1.5,0.1,virginica
34,5.5,4.2,1.4,0.2,virginica
35,4.9,3.1,1.5,0.1,virginica
36,5.0,3.2,1.2,0.2,virginica
37,5.5,3.5,1.3,0.2,virginica
38,4.9,3.1,1.5,0.1,virginica
39,4.4,3.0,1.3,0.2,virginica
40,5.1,3.4,1.5,0.2,virginica
41,5.0,3.5,1.3,0.3,virginica
42,4.5,2.3,1.3,0.3,virginica
43,4.4,3.2,1.3,0.2,virginica
44,5.0,3.5,1.6,0.6,virginica
45,5.1,3.8,1.9,0.4,virginica
46,4.8,3.0,1.4,0.3,virginica
47,5.1,3.8,1.6,0.2,virginica
48,4.6,3.2,1.4,0.2,virginica
49,5.3,3.7,1.5,0.2,virginica
50,5.0,3.3,1.4,0.2,virginica
51,7.0,3.2,4.7,1.4,setosa
52,6.4,3.2,4.5,1.5,setosa
53,6.9,3.1,4.9,1.5,setosa
54,5.5,2.3,4.0,1.3,setosa
55,6.5,2.8,4.6,1.5,setosa
56,5.7,2.8,4.5,1.3,setosa
57,6.3,3.3,4.7,1.6,setosa
58,4.9,2.4,3.3,1.0,setosa
59,6.6,2.9,4.6,1.3,setosa
60,5.2,2.7,3.9,1.4,setosa
61,5.0,2.0,3.5,1.0,setosa
62,5.9,3.0,4.2,1.5,setosa
63,6.0,2.2,4.0,1.0,setosa
64,6.1,2.9,4.7,1.4,setosa
65,5.6,2.9,3.6,1.3,setosa
66,6.7,3.1,4.4,1.4,setosa
67,5.6,3.0,4.5,1.5,setosa
68,5.8,2.7,4.1,1.0,setosa
69,6.2,2.2,4.5,1.5,setosa
70,5.6,2.5,3.9,1.1,setosa
71,5.9,3.2,4.8,1.8,setosa
72,6.1,2.8,4.0,1.3,setosa
73,6.3,2.5,4.9,1.5,setosa
74,6.1,2.8,4.7,1.2,setosa
75,6.4,2.9,4.3,1.3,setosa
76,6.6,3.0,4.4,1.4,setosa
77,6.8,2.8,4.8,1.4,setosa
78,6.7,3.0,5.0,1.7,setosa
79,6.0,2.9,4.5,1.5,setosa
80,5.7,2.6,3.5,1.0,setosa
81,5.5,2.4,3.8,1.1,setosa
82,5.5,2.4,3.7,1.0,setosa
83,5.8,2.7,3.9,1.2,setosa
84,6.0,2.7,5.1,1.6,setosa
85,5.4,3.0,4.5,1.5,setosa
86,6.0,3.4,4.5,1.6,setosa
87,6.7,3.1,4.7,1.5,setosa
88,6.3,2.3,4.4,1.3,setosa
89,5.6,3.0,4.1,1.3,setosa
90,5.5,2.5,4.0,1.3,setosa
91,5.5,2.6,4.4,1.2,setosa
92,6.1,3.0,4.6,1.4,setosa
93,5.8,2.6,4.0,1.2,setosa
94,5.0,2.3,3.3,1.0,setosa
95,5.6,2.7,4.2,1.3,setosa
96,5.7,3.0,4.2,1.2,setosa
97,5.7,2.9,4.2,1.3,setosa
98,6.2,2.9,4.3,1.3,setosa
99,5.1,2.5,3.0,1.1,setosa
100,5.7,2.8,4.1,1.3,setosa
101,6.3,3.3,6.0,2.5,versicolor
102,5.8,2.7,5.1,1.9,versicolor
103,7.1,3.0,5.9,2.1,versicolor
104,6.3,2.9,5.6,1.8,versicolor
105,6.5,3.0,5.8,2.2,versicolor
106,7.6,3.0,6.6,2.1,versicolor
107,4.9,2.5,4.5,1.7,versicolor
108,7.3,2.9,6.3,1.8,versicolor
109,6.7,2.5,5.8,1.8,versicolor
110,7.2,3.6,6.1,2.5,versicolor
111,6.5,3.2,5.1,2.0,versicolor
112,6.4,2.7,5.3,1.9,versicolor
113,6.8,3.0,5.5,2.1,versicolor
114,5.7,2.5,5.0,2.0,versicolor
115,5.8,2.8,5.1,2.4,versicolor
116,6.4,3.2,5.3,2.3,versicolor
117,6.5,3.0,5.5,1.8,versicolor
118,7.7,3.8,6.7,2.2,versicolor
119,7.7,2.6,6.9,2.3,versicolor
120,6.0,2.2,5.0,1.5,versicolor
121,6.9,3.2,5.7,2.3,versicolor
122,5.6,2.8,4.9,2.0,versicolor
123,7.7,2.8,6.7,2.0,versicolor
124,6.3,2.7,4.9,1.8,versicolor
125,6.7,3.3,5.7,2.1,versicolor
126,7.2,3.2,6.0,1.8,versicolor
127,6.2,2.8,4.8,1.8,versicolor
128,6.1,3.0,4.9,1.8,versicolor
129,6.4,2.8,5.6,2.1,versicolor
130,7.2,3.0,5.8,1.6,versicolor
131,7.4,2.8,6.1,1.9,versicolor
132,7.9,3.8,6.4,2.0,versicolor
133,6.4,2.8,5.6,2.2,versicolor
134,6.3,2.8,5.1,1.5,versicolor
135,6.1,2.6,5.6,1.4,versicolor
136,7.7,3.0,6.1,2.3,versicolor
137,6.3,3.4,5.6,2.4,versicolor
138,6.4,3.1,5.5,1.8,versicolor
139,6.0,3.0,4.8,1.8,versicolor
140,6.9,3.1,5.4,2.1,versicolor
141,6.7,3.1,5.6,2.4,versicolor
142,6.9,3.1,5.1,2.3,versicolor
143,5.8,2.7,5.1,1.9,versicolor
144,6.8,3.2,5.9,2.3,versicolor
145,6.7,3.3,5.7,2.5,versicolor
146,6.7,3.0,5.2,2.3,versicolor
147,6.3,2.5,5.0,1.9,versicolor
148,6.5,3.0,5.2,2.0,versicolor
149,6.2,3.4,5.4,2.3,versicolor
150,5.9,3.0,5.1,1.8,versicolor
